Title,Description,Link,Media URL,Pinterest board,Publish date
Grade 1 Addition Practice Worksheet (25 Problems) | Printable Practice,Free printable Addition worksheet for Grade 1. Perfect for homeschool practice and classroom activities.,https://mathworksheetkidsflow.github.io/html/grade-1-addition-practice-worksheet-25-problems-8641.html,https://mathworksheetkidsflow.github.io/images/grade-1-addition-practice-worksheet-25-problems-8641.jpg,Math Practice Printables,03/17/2026 08:34:00 AM
5 Free Count and Color Worksheets for Kindergarten,Printable Count and Color worksheet designed for Kindergarten students. Easy and fun math practice.,https://mathworksheetkidsflow.github.io/html/5-free-count-and-color-worksheets-for-kindergarten-4295.html,https://mathworksheetkidsflow.github.io/images/5-free-count-and-color-worksheets-for-kindergarten-4295.jpg,Printable Worksheets,03/17/2026 11:05:00 AM
Learn Counting With Pictures Worksheet (Kindergarten) - Part 3 | Printable Practice,Fun and engaging Counting Objects worksheet for Kindergarten. Perfect printable math practice.,https://mathworksheetkidsflow.github.io/html/learn-counting-with-pictures-worksheet-kindergarten-part-3-6189.html,https://mathworksheetkidsflow.github.io/images/learn-counting-with-pictures-worksheet-kindergarten-part-3-6189.jpg,Kids Math Worksheets,03/17/2026 01:34:00 PM
Free 15 Division Math Worksheet For Grade 2 - Part 4 | Printable Practice,Fun and engaging Division worksheet for Grade 2. Perfect printable math practice.,https://mathworksheetkidsflow.github.io/html/free-15-division-math-worksheet-for-grade-2-part-4-5295.html,https://mathworksheetkidsflow.github.io/images/free-15-division-math-worksheet-for-grade-2-part-4-5295.jpg,Printable Worksheets,03/17/2026 04:34:00 PM
Interactive General Math Quiz Worksheet,Free printable Math worksheet for Math. Perfect for homeschool practice and classroom activities.,https://mathworksheetkidsflow.github.io/html/interactive-general-math-quiz-worksheet-2224.html,https://mathworksheetkidsflow.github.io/images/interactive-general-math-quiz-worksheet-2224.jpg,Kids Math Worksheets,03/17/2026 08:36:00 PM
Missing Number Math Worksheet,Help kids master Missing Number with this printable worksheet for Grade 1. Great for daily math practice.,https://mathworksheetkidsflow.github.io/html/missing-number-math-worksheet-8294.html,https://mathworksheetkidsflow.github.io/images/missing-number-math-worksheet-8294.jpg,Printable Worksheets,03/18/2026 08:32:00 AM
Mixed Operations Math Worksheet,Free printable Mixed Operations worksheet for Grade 3. Perfect for homeschool practice and classroom activities.,https://mathworksheetkidsflow.github.io/html/mixed-operations-math-worksheet-3416.html,https://mathworksheetkidsflow.github.io/images/mixed-operations-math-worksheet-3416.jpg,Math Practice Printables,03/18/2026 11:00:00 AM
Free 12 Multiplication Math Worksheet For Grade 2 With Answers - Part 8 | Printable Practice,Printable Multiplication worksheet designed for Grade 2 students. Easy and fun math practice.,https://mathworksheetkidsflow.github.io/html/free-12-multiplication-math-worksheet-for-grade-2-with-answers-part-8-4124.html,https://mathworksheetkidsflow.github.io/images/free-12-multiplication-math-worksheet-for-grade-2-with-answers-part-8-4124.jpg,Elementary Math Activities,03/18/2026 01:33:00 PM
Printable Free 25 Subtraction Math Worksheet For Grade 3 - Part 9 | Printable Practice,Fun and engaging Subtraction worksheet for Grade 3. Perfect printable math practice.,https://mathworksheetkidsflow.github.io/html/printable-free-25-subtraction-math-worksheet-for-grade-3-part-9-2749.html,https://mathworksheetkidsflow.github.io/images/printable-free-25-subtraction-math-worksheet-for-grade-3-part-9-2749.jpg,Elementary Math Activities,03/18/2026 04:22:00 PM
7 Times Table Worksheet For Grade 3 With Answers - Part 10 | Printable Practice,Fun and engaging Times Table worksheet for Grade 3. Perfect printable math practice.,https://mathworksheetkidsflow.github.io/html/7-times-table-worksheet-for-grade-3-with-answers-part-10-7999.html,https://mathworksheetkidsflow.github.io/images/7-times-table-worksheet-for-grade-3-with-answers-part-10-7999.jpg,Elementary Math Activities,03/18/2026 08:29:00 PM
Printable Tracing Worksheet For Kids - Part 11 | Free Printable,Teachers and parents love this Tracing worksheet for Preschool. Download and print instantly.,https://mathworksheetkidsflow.github.io/html/printable-tracing-worksheet-for-kids-part-11-5274.html,https://mathworksheetkidsflow.github.io/images/printable-tracing-worksheet-for-kids-part-11-5274.jpg,Kids Math Worksheets,03/19/2026 08:33:00 AM
Math Word Problem Worksheet,Printable Word Problem worksheet designed for Grade 3 students. Easy and fun math practice.,https://mathworksheetkidsflow.github.io/html/math-word-problem-worksheet-4886.html,https://mathworksheetkidsflow.github.io/images/math-word-problem-worksheet-4886.jpg,Math Practice Printables,03/19/2026 11:04:00 AM
Grade 1 Addition Practice Worksheet (24 Problems) - Part 13 | Printable Practice,Printable Addition worksheet designed for Grade 1 students. Easy and fun math practice.,https://mathworksheetkidsflow.github.io/html/grade-1-addition-practice-worksheet-24-problems-part-13-6001.html,https://mathworksheetkidsflow.github.io/images/grade-1-addition-practice-worksheet-24-problems-part-13-6001.jpg,Elementary Math Activities,03/19/2026 01:33:00 PM
Free Preschool Count and Color Worksheet,Printable Count and Color worksheet designed for Preschool students. Easy and fun math practice.,https://mathworksheetkidsflow.github.io/html/free-preschool-count-and-color-worksheet-6481.html,https://mathworksheetkidsflow.github.io/images/free-preschool-count-and-color-worksheet-6481.jpg,Kids Math Worksheets,03/19/2026 04:31:00 PM
Kindergarten Count The Objects Worksheet - Part 15 | Printable Practice,Printable Counting Objects worksheet designed for Kindergarten students. Easy and fun math practice.,https://mathworksheetkidsflow.github.io/html/kindergarten-count-the-objects-worksheet-part-15-6622.html,https://mathworksheetkidsflow.github.io/images/kindergarten-count-the-objects-worksheet-part-15-6622.jpg,Homeschool Math,03/19/2026 08:38:00 PM
Printable Free 22 Division Math Worksheet For Grade 2 - Part 16 | Printable Practice,Free printable Division worksheet for Grade 2. Perfect for homeschool practice and classroom activities.,https://mathworksheetkidsflow.github.io/html/printable-free-22-division-math-worksheet-for-grade-2-part-16-1105.html,https://mathworksheetkidsflow.github.io/images/printable-free-22-division-math-worksheet-for-grade-2-part-16-1105.jpg,Math Practice Printables,03/20/2026 08:27:00 AM
Practice Math Challenge for Students (4 Questions),Teachers and parents love this Math worksheet for Math. Download and print instantly.,https://mathworksheetkidsflow.github.io/html/practice-math-challenge-for-students-4-questions-7495.html,https://mathworksheetkidsflow.github.io/images/practice-math-challenge-for-students-4-questions-7495.jpg,Printable Worksheets,03/20/2026 11:00:00 AM
Missing Number Math Worksheet,Help kids master Missing Number with this printable worksheet for Grade 1. Great for daily math practice.,https://mathworksheetkidsflow.github.io/html/missing-number-math-worksheet-8859.html,https://mathworksheetkidsflow.github.io/images/missing-number-math-worksheet-8859.jpg,Kids Math Worksheets,03/20/2026 01:24:00 PM
Mixed Operations Math Worksheet,Help kids master Mixed Operations with this printable worksheet for Grade 3. Great for daily math practice.,https://mathworksheetkidsflow.github.io/html/mixed-operations-math-worksheet-3179.html,https://mathworksheetkidsflow.github.io/images/mixed-operations-math-worksheet-3179.jpg,Kids Math Worksheets,03/20/2026 04:30:00 PM
Printable Free 10 Multiplication Math Worksheet For Grade 2 - Part 20 | Printable Practice,Free printable Multiplication worksheet for Grade 2. Perfect for homeschool practice and classroom activities.,https://mathworksheetkidsflow.github.io/html/printable-free-10-multiplication-math-worksheet-for-grade-2-part-20-3148.html,https://mathworksheetkidsflow.github.io/images/printable-free-10-multiplication-math-worksheet-for-grade-2-part-20-3148.jpg,Kids Math Worksheets,03/20/2026 08:34:00 PM
Grade 5 Subtraction Practice Worksheet (22 Problems) - Part 21 | Printable Practice,Fun and engaging Subtraction worksheet for Grade 5. Perfect printable math practice.,https://mathworksheetkidsflow.github.io/html/grade-5-subtraction-practice-worksheet-22-problems-part-21-5819.html,https://mathworksheetkidsflow.github.io/images/grade-5-subtraction-practice-worksheet-22-problems-part-21-5819.jpg,Math Practice Printables,03/21/2026 08:23:00 AM
Printable 2 Times Table Worksheet For Grade 2 - Part 22 | Printable Practice,Printable Times Table worksheet designed for Grade 2 students. Easy and fun math practice.,https://mathworksheetkidsflow.github.io/html/printable-2-times-table-worksheet-for-grade-2-part-22-4033.html,https://mathworksheetkidsflow.github.io/images/printable-2-times-table-worksheet-for-grade-2-part-22-4033.jpg,Kids Math Worksheets,03/21/2026 11:00:00 AM
Printable Tracing Worksheet For Kids - Part 23 | Free Printable,Fun and engaging Tracing worksheet for Preschool. Perfect printable math practice.,https://mathworksheetkidsflow.github.io/html/printable-tracing-worksheet-for-kids-part-23-5620.html,https://mathworksheetkidsflow.github.io/images/printable-tracing-worksheet-for-kids-part-23-5620.jpg,Math Practice Printables,03/21/2026 01:33:00 PM
Math Word Problem Worksheet,Printable Word Problem worksheet designed for Grade 3 students. Easy and fun math practice.,https://mathworksheetkidsflow.github.io/html/math-word-problem-worksheet-1187.html,https://mathworksheetkidsflow.github.io/images/math-word-problem-worksheet-1187.jpg,Printable Worksheets,03/21/2026 04:33:00 PM
Grade 1 Addition Practice Worksheet (12 Problems) - Part 25 | Printable Practice,Free printable Addition worksheet for Grade 1. Perfect for homeschool practice and classroom activities.,https://mathworksheetkidsflow.github.io/html/grade-1-addition-practice-worksheet-12-problems-part-25-8876.html,https://mathworksheetkidsflow.github.io/images/grade-1-addition-practice-worksheet-12-problems-part-25-8876.jpg,Kids Math Worksheets,03/21/2026 08:24:00 PM
Fun Count and Color Objects Worksheet for Grade 1,Help kids master Count and Color with this printable worksheet for Grade 1. Great for daily math practice.,https://mathworksheetkidsflow.github.io/html/fun-count-and-color-objects-worksheet-for-grade-1-7800.html,https://mathworksheetkidsflow.github.io/images/fun-count-and-color-objects-worksheet-for-grade-1-7800.jpg,Homeschool Math,03/22/2026 08:29:00 AM
Kindergarten Count The Objects Worksheet - Part 27 | Printable Practice,Printable Counting Objects worksheet designed for Kindergarten students. Easy and fun math practice.,https://mathworksheetkidsflow.github.io/html/kindergarten-count-the-objects-worksheet-part-27-5906.html,https://mathworksheetkidsflow.github.io/images/kindergarten-count-the-objects-worksheet-part-27-5906.jpg,Printable Worksheets,03/22/2026 11:00:00 AM
Printable Free 11 Division Math Worksheet For Grade 2 - Part 28 | Printable Practice,Printable Division worksheet designed for Grade 2 students. Easy and fun math practice.,https://mathworksheetkidsflow.github.io/html/printable-free-11-division-math-worksheet-for-grade-2-part-28-4140.html,https://mathworksheetkidsflow.github.io/images/printable-free-11-division-math-worksheet-for-grade-2-part-28-4140.jpg,Kids Math Worksheets,03/22/2026 01:37:00 PM
Printable Math Quiz Printable Worksheet,Teachers and parents love this Math worksheet for Math. Download and print instantly.,https://mathworksheetkidsflow.github.io/html/printable-math-quiz-printable-worksheet-8504.html,https://mathworksheetkidsflow.github.io/images/printable-math-quiz-printable-worksheet-8504.jpg,Elementary Math Activities,03/22/2026 04:37:00 PM
Missing Number Math Worksheet,Help kids master Missing Number with this printable worksheet for Grade 1. Great for daily math practice.,https://mathworksheetkidsflow.github.io/html/missing-number-math-worksheet-7923.html,https://mathworksheetkidsflow.github.io/images/missing-number-math-worksheet-7923.jpg,Math Practice Printables,03/22/2026 08:31:00 PM
Mixed Operations Math Worksheet,Help kids master Mixed Operations with this printable worksheet for Grade 3. Great for daily math practice.,https://mathworksheetkidsflow.github.io/html/mixed-operations-math-worksheet-2935.html,https://mathworksheetkidsflow.github.io/images/mixed-operations-math-worksheet-2935.jpg,Math Practice Printables,03/23/2026 08:24:00 AM
Free 16 Multiplication Math Worksheet For Grade 2 - Part 32 | Printable Practice,Teachers and parents love this Multiplication worksheet for Grade 2. Download and print instantly.,https://mathworksheetkidsflow.github.io/html/free-16-multiplication-math-worksheet-for-grade-2-part-32-6109.html,https://mathworksheetkidsflow.github.io/images/free-16-multiplication-math-worksheet-for-grade-2-part-32-6109.jpg,Elementary Math Activities,03/23/2026 11:00:00 AM
Free 10 Subtraction Math Worksheet For Grade 2 - Part 33 | Printable Practice,Free printable Subtraction worksheet for Grade 2. Perfect for homeschool practice and classroom activities.,https://mathworksheetkidsflow.github.io/html/free-10-subtraction-math-worksheet-for-grade-2-part-33-6501.html,https://mathworksheetkidsflow.github.io/images/free-10-subtraction-math-worksheet-for-grade-2-part-33-6501.jpg,Printable Worksheets,03/23/2026 01:32:00 PM
Printable 6 Times Table Worksheet For Grade 3 - Part 34 | Printable Practice,Printable Times Table worksheet designed for Grade 3 students. Easy and fun math practice.,https://mathworksheetkidsflow.github.io/html/printable-6-times-table-worksheet-for-grade-3-part-34-2436.html,https://mathworksheetkidsflow.github.io/images/printable-6-times-table-worksheet-for-grade-3-part-34-2436.jpg,Elementary Math Activities,03/23/2026 04:35:00 PM
Printable Tracing Worksheet For Kids - Part 35 | Free Printable,Help kids master Tracing with this printable worksheet for Kindergarten. Great for daily math practice.,https://mathworksheetkidsflow.github.io/html/printable-tracing-worksheet-for-kids-part-35-8199.html,https://mathworksheetkidsflow.github.io/images/printable-tracing-worksheet-for-kids-part-35-8199.jpg,Printable Worksheets,03/23/2026 08:31:00 PM
Math Word Problem Worksheet,Fun and engaging Word Problem worksheet for Grade 3. Perfect printable math practice.,https://mathworksheetkidsflow.github.io/html/math-word-problem-worksheet-3578.html,https://mathworksheetkidsflow.github.io/images/math-word-problem-worksheet-3578.jpg,Printable Worksheets,03/24/2026 08:26:00 AM
Grade 3 Addition Practice Worksheet (24 Problems) - Part 37 | Printable Practice,Help kids master Addition with this printable worksheet for Grade 3. Great for daily math practice.,https://mathworksheetkidsflow.github.io/html/grade-3-addition-practice-worksheet-24-problems-part-37-6113.html,https://mathworksheetkidsflow.github.io/images/grade-3-addition-practice-worksheet-24-problems-part-37-6113.jpg,Elementary Math Activities,03/24/2026 11:00:00 AM
Fun Count and Color Objects Worksheet for Grade 1,Help kids master Count and Color with this printable worksheet for Grade 1. Great for daily math practice.,https://mathworksheetkidsflow.github.io/html/fun-count-and-color-objects-worksheet-for-grade-1-7641.html,https://mathworksheetkidsflow.github.io/images/fun-count-and-color-objects-worksheet-for-grade-1-7641.jpg,Kids Math Worksheets,03/24/2026 01:24:00 PM
Kindergarten Count The Objects Worksheet - Part 39 | Printable Practice,Fun and engaging Counting Objects worksheet for Kindergarten. Perfect printable math practice.,https://mathworksheetkidsflow.github.io/html/kindergarten-count-the-objects-worksheet-part-39-2928.html,https://mathworksheetkidsflow.github.io/images/kindergarten-count-the-objects-worksheet-part-39-2928.jpg,Elementary Math Activities,03/24/2026 04:33:00 PM
Grade 1 Division Practice Worksheet (11 Problems) - Part 40 | Printable Practice,Fun and engaging Division worksheet for Grade 1. Perfect printable math practice.,https://mathworksheetkidsflow.github.io/html/grade-1-division-practice-worksheet-11-problems-part-40-5971.html,https://mathworksheetkidsflow.github.io/images/grade-1-division-practice-worksheet-11-problems-part-40-5971.jpg,Homeschool Math,03/24/2026 08:25:00 PM
4 Math Quiz Practice Worksheet,Teachers and parents love this Math worksheet for Math. Download and print instantly.,https://mathworksheetkidsflow.github.io/html/4-math-quiz-practice-worksheet-9385.html,https://mathworksheetkidsflow.github.io/images/4-math-quiz-practice-worksheet-9385.jpg,Elementary Math Activities,03/25/2026 08:24:00 AM
Missing Number Math Worksheet,Free printable Missing Number worksheet for Grade 1. Perfect for homeschool practice and classroom activities.,https://mathworksheetkidsflow.github.io/html/missing-number-math-worksheet-8315.html,https://mathworksheetkidsflow.github.io/images/missing-number-math-worksheet-8315.jpg,Kids Math Worksheets,03/25/2026 11:00:00 AM
Mixed Operations Math Worksheet,Help kids master Mixed Operations with this printable worksheet for Grade 3. Great for daily math practice.,https://mathworksheetkidsflow.github.io/html/mixed-operations-math-worksheet-6739.html,https://mathworksheetkidsflow.github.io/images/mixed-operations-math-worksheet-6739.jpg,Math Practice Printables,03/25/2026 01:36:00 PM
Grade 2 Multiplication Practice Worksheet (13 Problems) - Part 44 | Printable Practice,Fun and engaging Multiplication worksheet for Grade 2. Perfect printable math practice.,https://mathworksheetkidsflow.github.io/html/grade-2-multiplication-practice-worksheet-13-problems-part-44-7630.html,https://mathworksheetkidsflow.github.io/images/grade-2-multiplication-practice-worksheet-13-problems-part-44-7630.jpg,Kids Math Worksheets,03/25/2026 04:26:00 PM
Grade 2 Subtraction Practice Worksheet (12 Problems) - Part 45 | Printable Practice,Fun and engaging Subtraction worksheet for Grade 2. Perfect printable math practice.,https://mathworksheetkidsflow.github.io/html/grade-2-subtraction-practice-worksheet-12-problems-part-45-6225.html,https://mathworksheetkidsflow.github.io/images/grade-2-subtraction-practice-worksheet-12-problems-part-45-6225.jpg,Elementary Math Activities,03/25/2026 08:22:00 PM
Printable 10 Times Table Worksheet For Grade 3 - Part 46 | Printable Practice,Help kids master Times Table with this printable worksheet for Grade 3. Great for daily math practice.,https://mathworksheetkidsflow.github.io/html/printable-10-times-table-worksheet-for-grade-3-part-46-1641.html,https://mathworksheetkidsflow.github.io/images/printable-10-times-table-worksheet-for-grade-3-part-46-1641.jpg,Kids Math Worksheets,03/26/2026 08:25:00 AM
Printable Tracing Worksheet For Kids - Part 47 | Free Printable,Teachers and parents love this Tracing worksheet for Preschool. Download and print instantly.,https://mathworksheetkidsflow.github.io/html/printable-tracing-worksheet-for-kids-part-47-5599.html,https://mathworksheetkidsflow.github.io/images/printable-tracing-worksheet-for-kids-part-47-5599.jpg,Kids Math Worksheets,03/26/2026 11:03:00 AM
Math Word Problem Worksheet,Printable Word Problem worksheet designed for Grade 3 students. Easy and fun math practice.,https://mathworksheetkidsflow.github.io/html/math-word-problem-worksheet-2994.html,https://mathworksheetkidsflow.github.io/images/math-word-problem-worksheet-2994.jpg,Math Practice Printables,03/26/2026 01:22:00 PM
Free 21 Addition Math Worksheet For Grade 1 With Answers - Part 49 | Printable Practice,Fun and engaging Addition worksheet for Grade 1. Perfect printable math practice.,https://mathworksheetkidsflow.github.io/html/free-21-addition-math-worksheet-for-grade-1-with-answers-part-49-7353.html,https://mathworksheetkidsflow.github.io/images/free-21-addition-math-worksheet-for-grade-1-with-answers-part-49-7353.jpg,Printable Worksheets,03/26/2026 04:36:00 PM
"Count and Color Apple, Triangle, Circle Worksheet for Kids",Free printable Count and Color worksheet for Preschool. Perfect for homeschool practice and classroom activities.,https://mathworksheetkidsflow.github.io/html/count-and-color-apple-triangle-circle-worksheet-for-kids-6479.html,https://mathworksheetkidsflow.github.io/images/count-and-color-apple-triangle-circle-worksheet-for-kids-6479.jpg,Kids Math Worksheets,03/26/2026 08:33:00 PM
Learn Counting With Pictures Worksheet (Kindergarten) - Part 51 | Printable Practice,Free printable Counting Objects worksheet for Kindergarten. Perfect for homeschool practice and classroom activities.,https://mathworksheetkidsflow.github.io/html/learn-counting-with-pictures-worksheet-kindergarten-part-51-8568.html,https://mathworksheetkidsflow.github.io/images/learn-counting-with-pictures-worksheet-kindergarten-part-51-8568.jpg,Kids Math Worksheets,03/27/2026 08:30:00 AM
Free 10 Division Math Worksheet For Grade 2 With Answers - Part 52 | Printable Practice,Help kids master Division with this printable worksheet for Grade 2. Great for daily math practice.,https://mathworksheetkidsflow.github.io/html/free-10-division-math-worksheet-for-grade-2-with-answers-part-52-8886.html,https://mathworksheetkidsflow.github.io/images/free-10-division-math-worksheet-for-grade-2-with-answers-part-52-8886.jpg,Printable Worksheets,03/27/2026 11:00:00 AM
8 Math Knowledge Test Worksheet for Practice,Printable Math worksheet designed for Math students. Easy and fun math practice.,https://mathworksheetkidsflow.github.io/html/8-math-knowledge-test-worksheet-for-practice-1826.html,https://mathworksheetkidsflow.github.io/images/8-math-knowledge-test-worksheet-for-practice-1826.jpg,Printable Worksheets,03/27/2026 01:35:00 PM
Missing Number Math Worksheet,Fun and engaging Missing Number worksheet for Grade 1. Perfect printable math practice.,https://mathworksheetkidsflow.github.io/html/missing-number-math-worksheet-4060.html,https://mathworksheetkidsflow.github.io/images/missing-number-math-worksheet-4060.jpg,Elementary Math Activities,03/27/2026 04:35:00 PM
Mixed Operations Math Worksheet,Free printable Mixed Operations worksheet for Grade 3. Perfect for homeschool practice and classroom activities.,https://mathworksheetkidsflow.github.io/html/mixed-operations-math-worksheet-1694.html,https://mathworksheetkidsflow.github.io/images/mixed-operations-math-worksheet-1694.jpg,Math Practice Printables,03/27/2026 08:38:00 PM
Free 22 Multiplication Math Worksheet For Grade 1 With Answers - Part 56 | Printable Practice,Printable Multiplication worksheet designed for Grade 1 students. Easy and fun math practice.,https://mathworksheetkidsflow.github.io/html/free-22-multiplication-math-worksheet-for-grade-1-with-answers-part-56-1109.html,https://mathworksheetkidsflow.github.io/images/free-22-multiplication-math-worksheet-for-grade-1-with-answers-part-56-1109.jpg,Homeschool Math,03/28/2026 08:28:00 AM
Free 25 Subtraction Math Worksheet For Grade 2 With Answers - Part 57 | Printable Practice,Fun and engaging Subtraction worksheet for Grade 2. Perfect printable math practice.,https://mathworksheetkidsflow.github.io/html/free-25-subtraction-math-worksheet-for-grade-2-with-answers-part-57-5285.html,https://mathworksheetkidsflow.github.io/images/free-25-subtraction-math-worksheet-for-grade-2-with-answers-part-57-5285.jpg,Kids Math Worksheets,03/28/2026 11:00:00 AM
4 Times Table Worksheet For Grade 2 - Part 58 | Printable Practice,Printable Times Table worksheet designed for Grade 2 students. Easy and fun math practice.,https://mathworksheetkidsflow.github.io/html/4-times-table-worksheet-for-grade-2-part-58-4223.html,https://mathworksheetkidsflow.github.io/images/4-times-table-worksheet-for-grade-2-part-58-4223.jpg,Elementary Math Activities,03/28/2026 01:31:00 PM
Printable Tracing Worksheet For Kids - Part 59 | Free Printable,Teachers and parents love this Tracing worksheet for Preschool. Download and print instantly.,https://mathworksheetkidsflow.github.io/html/printable-tracing-worksheet-for-kids-part-59-2282.html,https://mathworksheetkidsflow.github.io/images/printable-tracing-worksheet-for-kids-part-59-2282.jpg,Math Practice Printables,03/28/2026 04:29:00 PM
Math Word Problem Worksheet,Help kids master Word Problem with this printable worksheet for Grade 3. Great for daily math practice.,https://mathworksheetkidsflow.github.io/html/math-word-problem-worksheet-8953.html,https://mathworksheetkidsflow.github.io/images/math-word-problem-worksheet-8953.jpg,Elementary Math Activities,03/28/2026 08:24:00 PM
Free 27 Addition Math Worksheet For Grade 5 - Part 61 | Printable Practice,Help kids master Addition with this printable worksheet for Grade 5. Great for daily math practice.,https://mathworksheetkidsflow.github.io/html/free-27-addition-math-worksheet-for-grade-5-part-61-5766.html,https://mathworksheetkidsflow.github.io/images/free-27-addition-math-worksheet-for-grade-5-part-61-5766.jpg,Homeschool Math,03/29/2026 08:33:00 AM
Printable Count and Color Worksheet for Grade 1 Kids,Fun and engaging Count and Color worksheet for Grade 1. Perfect printable math practice.,https://mathworksheetkidsflow.github.io/html/printable-count-and-color-worksheet-for-grade-1-kids-9881.html,https://mathworksheetkidsflow.github.io/images/printable-count-and-color-worksheet-for-grade-1-kids-9881.jpg,Printable Worksheets,03/29/2026 11:00:00 AM
Learn Counting With Pictures Worksheet (Kindergarten) - Part 63 | Printable Practice,Printable Counting Objects worksheet designed for Kindergarten students. Easy and fun math practice.,https://mathworksheetkidsflow.github.io/html/learn-counting-with-pictures-worksheet-kindergarten-part-63-1454.html,https://mathworksheetkidsflow.github.io/images/learn-counting-with-pictures-worksheet-kindergarten-part-63-1454.jpg,Printable Worksheets,03/29/2026 01:34:00 PM
Printable Free 23 Division Math Worksheet For Grade 2 - Part 64 | Printable Practice,Teachers and parents love this Division worksheet for Grade 2. Download and print instantly.,https://mathworksheetkidsflow.github.io/html/printable-free-23-division-math-worksheet-for-grade-2-part-64-9775.html,https://mathworksheetkidsflow.github.io/images/printable-free-23-division-math-worksheet-for-grade-2-part-64-9775.jpg,Printable Worksheets,03/29/2026 04:22:00 PM
4 Math Quiz Quiz Worksheet,Help kids master Math with this printable worksheet for Math. Great for daily math practice.,https://mathworksheetkidsflow.github.io/html/4-math-quiz-quiz-worksheet-4150.html,https://mathworksheetkidsflow.github.io/images/4-math-quiz-quiz-worksheet-4150.jpg,Math Practice Printables,03/29/2026 08:30:00 PM
Missing Number Math Worksheet,Fun and engaging Missing Number worksheet for Grade 1. Perfect printable math practice.,https://mathworksheetkidsflow.github.io/html/missing-number-math-worksheet-4703.html,https://mathworksheetkidsflow.github.io/images/missing-number-math-worksheet-4703.jpg,Printable Worksheets,03/30/2026 08:31:00 AM
Mixed Operations Math Worksheet,Printable Mixed Operations worksheet designed for Grade 3 students. Easy and fun math practice.,https://mathworksheetkidsflow.github.io/html/mixed-operations-math-worksheet-2272.html,https://mathworksheetkidsflow.github.io/images/mixed-operations-math-worksheet-2272.jpg,Printable Worksheets,03/30/2026 11:06:00 AM
Free 15 Multiplication Math Worksheet For Grade 2 With Answers - Part 68 | Printable Practice,Free printable Multiplication worksheet for Grade 2. Perfect for homeschool practice and classroom activities.,https://mathworksheetkidsflow.github.io/html/free-15-multiplication-math-worksheet-for-grade-2-with-answers-part-68-9644.html,https://mathworksheetkidsflow.github.io/images/free-15-multiplication-math-worksheet-for-grade-2-with-answers-part-68-9644.jpg,Elementary Math Activities,03/30/2026 01:33:00 PM
Free 18 Subtraction Math Worksheet For Grade 3 With Answers - Part 69 | Printable Practice,Teachers and parents love this Subtraction worksheet for Grade 3. Download and print instantly.,https://mathworksheetkidsflow.github.io/html/free-18-subtraction-math-worksheet-for-grade-3-with-answers-part-69-4647.html,https://mathworksheetkidsflow.github.io/images/free-18-subtraction-math-worksheet-for-grade-3-with-answers-part-69-4647.jpg,Homeschool Math,03/30/2026 04:36:00 PM
Grade 3 Multiplication Table 7 Practice - Part 70 | Printable Practice,Printable Times Table worksheet designed for Grade 3 students. Easy and fun math practice.,https://mathworksheetkidsflow.github.io/html/grade-3-multiplication-table-7-practice-part-70-3150.html,https://mathworksheetkidsflow.github.io/images/grade-3-multiplication-table-7-practice-part-70-3150.jpg,Elementary Math Activities,03/30/2026 08:38:00 PM
Printable Tracing Worksheet For Kids - Part 71 | Free Printable,Free printable Tracing worksheet for Preschool. Perfect for homeschool practice and classroom activities.,https://mathworksheetkidsflow.github.io/html/printable-tracing-worksheet-for-kids-part-71-1620.html,https://mathworksheetkidsflow.github.io/images/printable-tracing-worksheet-for-kids-part-71-1620.jpg,Elementary Math Activities,03/31/2026 08:35:00 AM
Math Word Problem Worksheet,Free printable Word Problem worksheet for Grade 3. Perfect for homeschool practice and classroom activities.,https://mathworksheetkidsflow.github.io/html/math-word-problem-worksheet-3872.html,https://mathworksheetkidsflow.github.io/images/math-word-problem-worksheet-3872.jpg,Math Practice Printables,03/31/2026 11:00:00 AM
Grade 3 Addition Practice Worksheet (19 Problems) - Part 73 | Printable Practice,Fun and engaging Addition worksheet for Grade 3. Perfect printable math practice.,https://mathworksheetkidsflow.github.io/html/grade-3-addition-practice-worksheet-19-problems-part-73-6086.html,https://mathworksheetkidsflow.github.io/images/grade-3-addition-practice-worksheet-19-problems-part-73-6086.jpg,Elementary Math Activities,03/31/2026 01:34:00 PM
Preschool Count and Color Shapes Worksheet,Printable Count and Color worksheet designed for Preschool students. Easy and fun math practice.,https://mathworksheetkidsflow.github.io/html/preschool-count-and-color-shapes-worksheet-9052.html,https://mathworksheetkidsflow.github.io/images/preschool-count-and-color-shapes-worksheet-9052.jpg,Elementary Math Activities,03/31/2026 04:24:00 PM
Kindergarten Count The Objects Worksheet - Part 75 | Printable Practice,Help kids master Counting Objects with this printable worksheet for Kindergarten. Great for daily math practice.,https://mathworksheetkidsflow.github.io/html/kindergarten-count-the-objects-worksheet-part-75-8535.html,https://mathworksheetkidsflow.github.io/images/kindergarten-count-the-objects-worksheet-part-75-8535.jpg,Math Practice Printables,03/31/2026 08:32:00 PM
Grade 2 Division Practice Worksheet (22 Problems) - Part 76 | Printable Practice,Printable Division worksheet designed for Grade 2 students. Easy and fun math practice.,https://mathworksheetkidsflow.github.io/html/grade-2-division-practice-worksheet-22-problems-part-76-4935.html,https://mathworksheetkidsflow.github.io/images/grade-2-division-practice-worksheet-22-problems-part-76-4935.jpg,Math Practice Printables,04/01/2026 08:33:00 AM
4 Math Knowledge Test for Teens,Free printable Math worksheet for Math. Perfect for homeschool practice and classroom activities.,https://mathworksheetkidsflow.github.io/html/4-math-knowledge-test-for-teens-2920.html,https://mathworksheetkidsflow.github.io/images/4-math-knowledge-test-for-teens-2920.jpg,Homeschool Math,04/01/2026 11:07:00 AM
Missing Number Math Worksheet,Help kids master Missing Number with this printable worksheet for Grade 1. Great for daily math practice.,https://mathworksheetkidsflow.github.io/html/missing-number-math-worksheet-1282.html,https://mathworksheetkidsflow.github.io/images/missing-number-math-worksheet-1282.jpg,Kids Math Worksheets,04/01/2026 01:34:00 PM
Mixed Operations Math Worksheet,Help kids master Mixed Operations with this printable worksheet for Grade 3. Great for daily math practice.,https://mathworksheetkidsflow.github.io/html/mixed-operations-math-worksheet-2913.html,https://mathworksheetkidsflow.github.io/images/mixed-operations-math-worksheet-2913.jpg,Kids Math Worksheets,04/01/2026 04:28:00 PM
Free 25 Multiplication Math Worksheet For Grade 1 - Part 80 | Printable Practice,Teachers and parents love this Multiplication worksheet for Grade 1. Download and print instantly.,https://mathworksheetkidsflow.github.io/html/free-25-multiplication-math-worksheet-for-grade-1-part-80-2174.html,https://mathworksheetkidsflow.github.io/images/free-25-multiplication-math-worksheet-for-grade-1-part-80-2174.jpg,Kids Math Worksheets,04/01/2026 08:36:00 PM
Free 16 Subtraction Math Worksheet For Grade 2 With Answers - Part 81 | Printable Practice,Help kids master Subtraction with this printable worksheet for Grade 2. Great for daily math practice.,https://mathworksheetkidsflow.github.io/html/free-16-subtraction-math-worksheet-for-grade-2-with-answers-part-81-5571.html,https://mathworksheetkidsflow.github.io/images/free-16-subtraction-math-worksheet-for-grade-2-with-answers-part-81-5571.jpg,Elementary Math Activities,04/02/2026 08:34:00 AM
Grade 2 Multiplication Table 4 Practice - Part 82 | Printable Practice,Fun and engaging Times Table worksheet for Grade 2. Perfect printable math practice.,https://mathworksheetkidsflow.github.io/html/grade-2-multiplication-table-4-practice-part-82-6786.html,https://mathworksheetkidsflow.github.io/images/grade-2-multiplication-table-4-practice-part-82-6786.jpg,Kids Math Worksheets,04/02/2026 11:08:00 AM
Printable Tracing Worksheet For Kids - Part 83 | Free Printable,Fun and engaging Tracing worksheet for Kindergarten. Perfect printable math practice.,https://mathworksheetkidsflow.github.io/html/printable-tracing-worksheet-for-kids-part-83-1265.html,https://mathworksheetkidsflow.github.io/images/printable-tracing-worksheet-for-kids-part-83-1265.jpg,Printable Worksheets,04/02/2026 01:35:00 PM
Math Word Problem Worksheet,Teachers and parents love this Word Problem worksheet for Grade 3. Download and print instantly.,https://mathworksheetkidsflow.github.io/html/math-word-problem-worksheet-6377.html,https://mathworksheetkidsflow.github.io/images/math-word-problem-worksheet-6377.jpg,Elementary Math Activities,04/02/2026 04:28:00 PM
Free 22 Addition Math Worksheet For Grade 5 With Answers - Part 85 | Printable Practice,Teachers and parents love this Addition worksheet for Grade 5. Download and print instantly.,https://mathworksheetkidsflow.github.io/html/free-22-addition-math-worksheet-for-grade-5-with-answers-part-85-1401.html,https://mathworksheetkidsflow.github.io/images/free-22-addition-math-worksheet-for-grade-5-with-answers-part-85-1401.jpg,Printable Worksheets,04/02/2026 08:37:00 PM
Printable Count and Color Worksheet for Kindergarten Kids,Help kids master Count and Color with this printable worksheet for Kindergarten. Great for daily math practice.,https://mathworksheetkidsflow.github.io/html/printable-count-and-color-worksheet-for-kindergarten-kids-4847.html,https://mathworksheetkidsflow.github.io/images/printable-count-and-color-worksheet-for-kindergarten-kids-4847.jpg,Homeschool Math,04/03/2026 08:34:00 AM
Kindergarten Count The Objects Worksheet - Part 87 | Printable Practice,Teachers and parents love this Counting Objects worksheet for Kindergarten. Download and print instantly.,https://mathworksheetkidsflow.github.io/html/kindergarten-count-the-objects-worksheet-part-87-3727.html,https://mathworksheetkidsflow.github.io/images/kindergarten-count-the-objects-worksheet-part-87-3727.jpg,Kids Math Worksheets,04/03/2026 11:01:00 AM
Printable Free 16 Division Math Worksheet For Grade 2 - Part 88 | Printable Practice,Printable Division worksheet designed for Grade 2 students. Easy and fun math practice.,https://mathworksheetkidsflow.github.io/html/printable-free-16-division-math-worksheet-for-grade-2-part-88-7644.html,https://mathworksheetkidsflow.github.io/images/printable-free-16-division-math-worksheet-for-grade-2-part-88-7644.jpg,Elementary Math Activities,04/03/2026 01:27:00 PM
Printable Mathematics Practice Worksheet (8 Questions),Printable Math worksheet designed for Math students. Easy and fun math practice.,https://mathworksheetkidsflow.github.io/html/printable-mathematics-practice-worksheet-8-questions-7314.html,https://mathworksheetkidsflow.github.io/images/printable-mathematics-practice-worksheet-8-questions-7314.jpg,Homeschool Math,04/03/2026 04:37:00 PM
Missing Number Math Worksheet,Printable Missing Number worksheet designed for Grade 1 students. Easy and fun math practice.,https://mathworksheetkidsflow.github.io/html/missing-number-math-worksheet-8120.html,https://mathworksheetkidsflow.github.io/images/missing-number-math-worksheet-8120.jpg,Elementary Math Activities,04/03/2026 08:33:00 PM
Mixed Operations Math Worksheet,Fun and engaging Mixed Operations worksheet for Grade 3. Perfect printable math practice.,https://mathworksheetkidsflow.github.io/html/mixed-operations-math-worksheet-6974.html,https://mathworksheetkidsflow.github.io/images/mixed-operations-math-worksheet-6974.jpg,Homeschool Math,04/04/2026 08:27:00 AM
Free 20 Multiplication Math Worksheet For Grade 2 With Answers - Part 92 | Printable Practice,Fun and engaging Multiplication worksheet for Grade 2. Perfect printable math practice.,https://mathworksheetkidsflow.github.io/html/free-20-multiplication-math-worksheet-for-grade-2-with-answers-part-92-4228.html,https://mathworksheetkidsflow.github.io/images/free-20-multiplication-math-worksheet-for-grade-2-with-answers-part-92-4228.jpg,Homeschool Math,04/04/2026 11:08:00 AM
Free 14 Subtraction Math Worksheet For Grade 5 - Part 93 | Printable Practice,Free printable Subtraction worksheet for Grade 5. Perfect for homeschool practice and classroom activities.,https://mathworksheetkidsflow.github.io/html/free-14-subtraction-math-worksheet-for-grade-5-part-93-3736.html,https://mathworksheetkidsflow.github.io/images/free-14-subtraction-math-worksheet-for-grade-5-part-93-3736.jpg,Elementary Math Activities,04/04/2026 01:27:00 PM
Grade 3 Multiplication Table 10 Practice - Part 94 | Printable Practice,Free printable Times Table worksheet for Grade 3. Perfect for homeschool practice and classroom activities.,https://mathworksheetkidsflow.github.io/html/grade-3-multiplication-table-10-practice-part-94-9676.html,https://mathworksheetkidsflow.github.io/images/grade-3-multiplication-table-10-practice-part-94-9676.jpg,Kids Math Worksheets,04/04/2026 04:32:00 PM
Printable Tracing Worksheet For Kids - Part 95 | Free Printable,Free printable Tracing worksheet for Kindergarten. Perfect for homeschool practice and classroom activities.,https://mathworksheetkidsflow.github.io/html/printable-tracing-worksheet-for-kids-part-95-1848.html,https://mathworksheetkidsflow.github.io/images/printable-tracing-worksheet-for-kids-part-95-1848.jpg,Kids Math Worksheets,04/04/2026 08:24:00 PM
Math Word Problem Worksheet,Teachers and parents love this Word Problem worksheet for Grade 3. Download and print instantly.,https://mathworksheetkidsflow.github.io/html/math-word-problem-worksheet-7568.html,https://mathworksheetkidsflow.github.io/images/math-word-problem-worksheet-7568.jpg,Homeschool Math,04/05/2026 08:22:00 AM
Printable Free 21 Addition Math Worksheet For Grade 5 - Part 97 | Printable Practice,Teachers and parents love this Addition worksheet for Grade 5. Download and print instantly.,https://mathworksheetkidsflow.github.io/html/printable-free-21-addition-math-worksheet-for-grade-5-part-97-8165.html,https://mathworksheetkidsflow.github.io/images/printable-free-21-addition-math-worksheet-for-grade-5-part-97-8165.jpg,Elementary Math Activities,04/05/2026 11:05:00 AM
"Count and Color Apple, Car, Triangle Worksheet for Kids",Help kids master Count and Color with this printable worksheet for Grade 1. Great for daily math practice.,https://mathworksheetkidsflow.github.io/html/count-and-color-apple-car-triangle-worksheet-for-kids-6123.html,https://mathworksheetkidsflow.github.io/images/count-and-color-apple-car-triangle-worksheet-for-kids-6123.jpg,Printable Worksheets,04/05/2026 01:25:00 PM
Learn Counting With Pictures Worksheet (Pre-K) - Part 99 | Printable Practice,Teachers and parents love this Counting Objects worksheet for Pre-K. Download and print instantly.,https://mathworksheetkidsflow.github.io/html/learn-counting-with-pictures-worksheet-pre-k-part-99-2106.html,https://mathworksheetkidsflow.github.io/images/learn-counting-with-pictures-worksheet-pre-k-part-99-2106.jpg,Printable Worksheets,04/05/2026 04:29:00 PM
Free 29 Division Math Worksheet For Grade 2 With Answers - Part 100 | Printable Practice,Help kids master Division with this printable worksheet for Grade 2. Great for daily math practice.,https://mathworksheetkidsflow.github.io/html/free-29-division-math-worksheet-for-grade-2-with-answers-part-100-1036.html,https://mathworksheetkidsflow.github.io/images/free-29-division-math-worksheet-for-grade-2-with-answers-part-100-1036.jpg,Kids Math Worksheets,04/05/2026 08:24:00 PM
4 Math Trivia Printable Worksheet,Teachers and parents love this Math worksheet for Math. Download and print instantly.,https://mathworksheetkidsflow.github.io/html/4-math-trivia-printable-worksheet-6557.html,https://mathworksheetkidsflow.github.io/images/4-math-trivia-printable-worksheet-6557.jpg,Kids Math Worksheets,04/06/2026 08:30:00 AM
Missing Number Math Worksheet,Printable Missing Number worksheet designed for Grade 1 students. Easy and fun math practice.,https://mathworksheetkidsflow.github.io/html/missing-number-math-worksheet-5360.html,https://mathworksheetkidsflow.github.io/images/missing-number-math-worksheet-5360.jpg,Math Practice Printables,04/06/2026 11:01:00 AM
Mixed Operations Math Worksheet,Teachers and parents love this Mixed Operations worksheet for Grade 3. Download and print instantly.,https://mathworksheetkidsflow.github.io/html/mixed-operations-math-worksheet-2056.html,https://mathworksheetkidsflow.github.io/images/mixed-operations-math-worksheet-2056.jpg,Kids Math Worksheets,04/06/2026 01:23:00 PM
Free 11 Multiplication Math Worksheet For Grade 2 With Answers - Part 104 | Printable Practice,Fun and engaging Multiplication worksheet for Grade 2. Perfect printable math practice.,https://mathworksheetkidsflow.github.io/html/free-11-multiplication-math-worksheet-for-grade-2-with-answers-part-104-9183.html,https://mathworksheetkidsflow.github.io/images/free-11-multiplication-math-worksheet-for-grade-2-with-answers-part-104-9183.jpg,Elementary Math Activities,04/06/2026 04:27:00 PM
Free 17 Subtraction Math Worksheet For Grade 2 With Answers - Part 105 | Printable Practice,Free printable Subtraction worksheet for Grade 2. Perfect for homeschool practice and classroom activities.,https://mathworksheetkidsflow.github.io/html/free-17-subtraction-math-worksheet-for-grade-2-with-answers-part-105-7709.html,https://mathworksheetkidsflow.github.io/images/free-17-subtraction-math-worksheet-for-grade-2-with-answers-part-105-7709.jpg,Kids Math Worksheets,04/06/2026 08:29:00 PM
2 Times Table Worksheet For Grade 2 - Part 106 | Printable Practice,Printable Times Table worksheet designed for Grade 2 students. Easy and fun math practice.,https://mathworksheetkidsflow.github.io/html/2-times-table-worksheet-for-grade-2-part-106-8284.html,https://mathworksheetkidsflow.github.io/images/2-times-table-worksheet-for-grade-2-part-106-8284.jpg,Printable Worksheets,04/07/2026 08:22:00 AM
Printable Tracing Worksheet For Kids - Part 107 | Free Printable,Teachers and parents love this Tracing worksheet for Kindergarten. Download and print instantly.,https://mathworksheetkidsflow.github.io/html/printable-tracing-worksheet-for-kids-part-107-2726.html,https://mathworksheetkidsflow.github.io/images/printable-tracing-worksheet-for-kids-part-107-2726.jpg,Printable Worksheets,04/07/2026 11:05:00 AM
Math Word Problem Worksheet,Teachers and parents love this Word Problem worksheet for Grade 3. Download and print instantly.,https://mathworksheetkidsflow.github.io/html/math-word-problem-worksheet-8526.html,https://mathworksheetkidsflow.github.io/images/math-word-problem-worksheet-8526.jpg,Math Practice Printables,04/07/2026 01:23:00 PM
Free 10 Addition Math Worksheet For Grade 1 - Part 109 | Printable Practice,Fun and engaging Addition worksheet for Grade 1. Perfect printable math practice.,https://mathworksheetkidsflow.github.io/html/free-10-addition-math-worksheet-for-grade-1-part-109-7995.html,https://mathworksheetkidsflow.github.io/images/free-10-addition-math-worksheet-for-grade-1-part-109-7995.jpg,Printable Worksheets,04/07/2026 04:33:00 PM
4 Free Count and Color Worksheets for Preschool,Fun and engaging Count and Color worksheet for Preschool. Perfect printable math practice.,https://mathworksheetkidsflow.github.io/html/4-free-count-and-color-worksheets-for-preschool-6658.html,https://mathworksheetkidsflow.github.io/images/4-free-count-and-color-worksheets-for-preschool-6658.jpg,Kids Math Worksheets,04/07/2026 08:23:00 PM
Free Counting Objects Worksheet For Pre-K - Part 111 | Printable Practice,Help kids master Counting Objects with this printable worksheet for Pre-K. Great for daily math practice.,https://mathworksheetkidsflow.github.io/html/free-counting-objects-worksheet-for-pre-k-part-111-9395.html,https://mathworksheetkidsflow.github.io/images/free-counting-objects-worksheet-for-pre-k-part-111-9395.jpg,Kids Math Worksheets,04/08/2026 08:23:00 AM
Free 30 Division Math Worksheet For Grade 2 With Answers - Part 112 | Printable Practice,Fun and engaging Division worksheet for Grade 2. Perfect printable math practice.,https://mathworksheetkidsflow.github.io/html/free-30-division-math-worksheet-for-grade-2-with-answers-part-112-1738.html,https://mathworksheetkidsflow.github.io/images/free-30-division-math-worksheet-for-grade-2-with-answers-part-112-1738.jpg,Elementary Math Activities,04/08/2026 11:00:00 AM
7 Math Knowledge Test Training Worksheet for Students,Free printable Math worksheet for Math. Perfect for homeschool practice and classroom activities.,https://mathworksheetkidsflow.github.io/html/7-math-knowledge-test-training-worksheet-for-students-6638.html,https://mathworksheetkidsflow.github.io/images/7-math-knowledge-test-training-worksheet-for-students-6638.jpg,Elementary Math Activities,04/08/2026 01:25:00 PM
Missing Number Math Worksheet,Fun and engaging Missing Number worksheet for Grade 1. Perfect printable math practice.,https://mathworksheetkidsflow.github.io/html/missing-number-math-worksheet-1942.html,https://mathworksheetkidsflow.github.io/images/missing-number-math-worksheet-1942.jpg,Math Practice Printables,04/08/2026 04:33:00 PM
Mixed Operations Math Worksheet,Printable Mixed Operations worksheet designed for Grade 3 students. Easy and fun math practice.,https://mathworksheetkidsflow.github.io/html/mixed-operations-math-worksheet-1434.html,https://mathworksheetkidsflow.github.io/images/mixed-operations-math-worksheet-1434.jpg,Elementary Math Activities,04/08/2026 08:34:00 PM
Printable Free 30 Multiplication Math Worksheet For Grade 1 - Part 116 | Printable Practice,Free printable Multiplication worksheet for Grade 1. Perfect for homeschool practice and classroom activities.,https://mathworksheetkidsflow.github.io/html/printable-free-30-multiplication-math-worksheet-for-grade-1-part-116-5989.html,https://mathworksheetkidsflow.github.io/images/printable-free-30-multiplication-math-worksheet-for-grade-1-part-116-5989.jpg,Math Practice Printables,04/09/2026 08:28:00 AM
Printable Free 21 Subtraction Math Worksheet For Grade 3 - Part 117 | Printable Practice,Printable Subtraction worksheet designed for Grade 3 students. Easy and fun math practice.,https://mathworksheetkidsflow.github.io/html/printable-free-21-subtraction-math-worksheet-for-grade-3-part-117-3659.html,https://mathworksheetkidsflow.github.io/images/printable-free-21-subtraction-math-worksheet-for-grade-3-part-117-3659.jpg,Homeschool Math,04/09/2026 11:01:00 AM
4 Times Table Worksheet For Grade 2 With Answers - Part 118 | Printable Practice,Free printable Times Table worksheet for Grade 2. Perfect for homeschool practice and classroom activities.,https://mathworksheetkidsflow.github.io/html/4-times-table-worksheet-for-grade-2-with-answers-part-118-3641.html,https://mathworksheetkidsflow.github.io/images/4-times-table-worksheet-for-grade-2-with-answers-part-118-3641.jpg,Elementary Math Activities,04/09/2026 01:22:00 PM
Printable Tracing Worksheet For Kids - Part 119 | Free Printable,Printable Tracing worksheet designed for Preschool students. Easy and fun math practice.,https://mathworksheetkidsflow.github.io/html/printable-tracing-worksheet-for-kids-part-119-9348.html,https://mathworksheetkidsflow.github.io/images/printable-tracing-worksheet-for-kids-part-119-9348.jpg,Printable Worksheets,04/09/2026 04:27:00 PM
Math Word Problem Worksheet,Help kids master Word Problem with this printable worksheet for Grade 3. Great for daily math practice.,https://mathworksheetkidsflow.github.io/html/math-word-problem-worksheet-5696.html,https://mathworksheetkidsflow.github.io/images/math-word-problem-worksheet-5696.jpg,Homeschool Math,04/09/2026 08:29:00 PM
Free 25 Addition Math Worksheet For Grade 5 With Answers - Part 121 | Printable Practice,Teachers and parents love this Addition worksheet for Grade 5. Download and print instantly.,https://mathworksheetkidsflow.github.io/html/free-25-addition-math-worksheet-for-grade-5-with-answers-part-121-3281.html,https://mathworksheetkidsflow.github.io/images/free-25-addition-math-worksheet-for-grade-5-with-answers-part-121-3281.jpg,Printable Worksheets,04/10/2026 08:26:00 AM
"Count and Color Circle, Flower, Ball Worksheet for Kids",Printable Count and Color worksheet designed for Grade 1 students. Easy and fun math practice.,https://mathworksheetkidsflow.github.io/html/count-and-color-circle-flower-ball-worksheet-for-kids-8318.html,https://mathworksheetkidsflow.github.io/images/count-and-color-circle-flower-ball-worksheet-for-kids-8318.jpg,Homeschool Math,04/10/2026 11:00:00 AM
Pre-K Count The Objects Worksheet - Part 123 | Printable Practice,Free printable Counting Objects worksheet for Pre-K. Perfect for homeschool practice and classroom activities.,https://mathworksheetkidsflow.github.io/html/pre-k-count-the-objects-worksheet-part-123-3677.html,https://mathworksheetkidsflow.github.io/images/pre-k-count-the-objects-worksheet-part-123-3677.jpg,Elementary Math Activities,04/10/2026 01:35:00 PM
Grade 1 Division Practice Worksheet (30 Problems) - Part 124 | Printable Practice,Teachers and parents love this Division worksheet for Grade 1. Download and print instantly.,https://mathworksheetkidsflow.github.io/html/grade-1-division-practice-worksheet-30-problems-part-124-7955.html,https://mathworksheetkidsflow.github.io/images/grade-1-division-practice-worksheet-30-problems-part-124-7955.jpg,Printable Worksheets,04/10/2026 04:24:00 PM
Free Printable Math Trivia Worksheet (4 Questions),Fun and engaging Math worksheet for Math. Perfect printable math practice.,https://mathworksheetkidsflow.github.io/html/free-printable-math-trivia-worksheet-4-questions-2909.html,https://mathworksheetkidsflow.github.io/images/free-printable-math-trivia-worksheet-4-questions-2909.jpg,Math Practice Printables,04/10/2026 08:24:00 PM
Missing Number Math Worksheet,Teachers and parents love this Missing Number worksheet for Grade 1. Download and print instantly.,https://mathworksheetkidsflow.github.io/html/missing-number-math-worksheet-5533.html,https://mathworksheetkidsflow.github.io/images/missing-number-math-worksheet-5533.jpg,Homeschool Math,04/11/2026 08:38:00 AM
Mixed Operations Math Worksheet,Printable Mixed Operations worksheet designed for Grade 3 students. Easy and fun math practice.,https://mathworksheetkidsflow.github.io/html/mixed-operations-math-worksheet-1043.html,https://mathworksheetkidsflow.github.io/images/mixed-operations-math-worksheet-1043.jpg,Elementary Math Activities,04/11/2026 11:01:00 AM
Free 13 Multiplication Math Worksheet For Grade 2 With Answers - Part 128 | Printable Practice,Printable Multiplication worksheet designed for Grade 2 students. Easy and fun math practice.,https://mathworksheetkidsflow.github.io/html/free-13-multiplication-math-worksheet-for-grade-2-with-answers-part-128-3751.html,https://mathworksheetkidsflow.github.io/images/free-13-multiplication-math-worksheet-for-grade-2-with-answers-part-128-3751.jpg,Printable Worksheets,04/11/2026 01:35:00 PM
Printable Free 17 Subtraction Math Worksheet For Grade 3 - Part 129 | Printable Practice,Free printable Subtraction worksheet for Grade 3. Perfect for homeschool practice and classroom activities.,https://mathworksheetkidsflow.github.io/html/printable-free-17-subtraction-math-worksheet-for-grade-3-part-129-8879.html,https://mathworksheetkidsflow.github.io/images/printable-free-17-subtraction-math-worksheet-for-grade-3-part-129-8879.jpg,Homeschool Math,04/11/2026 04:24:00 PM
Grade 3 Multiplication Table 8 Practice - Part 130 | Printable Practice,Fun and engaging Times Table worksheet for Grade 3. Perfect printable math practice.,https://mathworksheetkidsflow.github.io/html/grade-3-multiplication-table-8-practice-part-130-6165.html,https://mathworksheetkidsflow.github.io/images/grade-3-multiplication-table-8-practice-part-130-6165.jpg,Math Practice Printables,04/11/2026 08:24:00 PM
Printable Tracing Worksheet For Kids - Part 131 | Free Printable,Help kids master Tracing with this printable worksheet for Preschool. Great for daily math practice.,https://mathworksheetkidsflow.github.io/html/printable-tracing-worksheet-for-kids-part-131-3035.html,https://mathworksheetkidsflow.github.io/images/printable-tracing-worksheet-for-kids-part-131-3035.jpg,Homeschool Math,04/12/2026 08:35:00 AM
Math Word Problem Worksheet,Printable Word Problem worksheet designed for Grade 3 students. Easy and fun math practice.,https://mathworksheetkidsflow.github.io/html/math-word-problem-worksheet-7012.html,https://mathworksheetkidsflow.github.io/images/math-word-problem-worksheet-7012.jpg,Math Practice Printables,04/12/2026 11:00:00 AM
Printable Free 26 Addition Math Worksheet For Grade 5 - Part 133 | Printable Practice,Fun and engaging Addition worksheet for Grade 5. Perfect printable math practice.,https://mathworksheetkidsflow.github.io/html/printable-free-26-addition-math-worksheet-for-grade-5-part-133-8319.html,https://mathworksheetkidsflow.github.io/images/printable-free-26-addition-math-worksheet-for-grade-5-part-133-8319.jpg,Printable Worksheets,04/12/2026 01:22:00 PM
Preschool Count and Color Shapes Worksheet,Help kids master Count and Color with this printable worksheet for Preschool. Great for daily math practice.,https://mathworksheetkidsflow.github.io/html/preschool-count-and-color-shapes-worksheet-2893.html,https://mathworksheetkidsflow.github.io/images/preschool-count-and-color-shapes-worksheet-2893.jpg,Elementary Math Activities,04/12/2026 04:38:00 PM
Free Counting Objects Worksheet For Kindergarten - Part 135 | Printable Practice,Teachers and parents love this Counting Objects worksheet for Kindergarten. Download and print instantly.,https://mathworksheetkidsflow.github.io/html/free-counting-objects-worksheet-for-kindergarten-part-135-6642.html,https://mathworksheetkidsflow.github.io/images/free-counting-objects-worksheet-for-kindergarten-part-135-6642.jpg,Kids Math Worksheets,04/12/2026 08:34:00 PM
Free 20 Division Math Worksheet For Grade 2 - Part 136 | Printable Practice,Teachers and parents love this Division worksheet for Grade 2. Download and print instantly.,https://mathworksheetkidsflow.github.io/html/free-20-division-math-worksheet-for-grade-2-part-136-8450.html,https://mathworksheetkidsflow.github.io/images/free-20-division-math-worksheet-for-grade-2-part-136-8450.jpg,Homeschool Math,04/13/2026 08:23:00 AM
Practice Math Challenge Practice Worksheet,Help kids master Math with this printable worksheet for Math. Great for daily math practice.,https://mathworksheetkidsflow.github.io/html/practice-math-challenge-practice-worksheet-3085.html,https://mathworksheetkidsflow.github.io/images/practice-math-challenge-practice-worksheet-3085.jpg,Kids Math Worksheets,04/13/2026 11:00:00 AM
Missing Number Math Worksheet,Teachers and parents love this Missing Number worksheet for Grade 1. Download and print instantly.,https://mathworksheetkidsflow.github.io/html/missing-number-math-worksheet-1795.html,https://mathworksheetkidsflow.github.io/images/missing-number-math-worksheet-1795.jpg,Kids Math Worksheets,04/13/2026 01:38:00 PM
Mixed Operations Math Worksheet,Free printable Mixed Operations worksheet for Grade 3. Perfect for homeschool practice and classroom activities.,https://mathworksheetkidsflow.github.io/html/mixed-operations-math-worksheet-7447.html,https://mathworksheetkidsflow.github.io/images/mixed-operations-math-worksheet-7447.jpg,Homeschool Math,04/13/2026 04:36:00 PM
Free 28 Multiplication Math Worksheet For Grade 2 - Part 140 | Printable Practice,Help kids master Multiplication with this printable worksheet for Grade 2. Great for daily math practice.,https://mathworksheetkidsflow.github.io/html/free-28-multiplication-math-worksheet-for-grade-2-part-140-7930.html,https://mathworksheetkidsflow.github.io/images/free-28-multiplication-math-worksheet-for-grade-2-part-140-7930.jpg,Homeschool Math,04/13/2026 08:25:00 PM
Free 19 Subtraction Math Worksheet For Grade 2 With Answers - Part 141 | Printable Practice,Free printable Subtraction worksheet for Grade 2. Perfect for homeschool practice and classroom activities.,https://mathworksheetkidsflow.github.io/html/free-19-subtraction-math-worksheet-for-grade-2-with-answers-part-141-7188.html,https://mathworksheetkidsflow.github.io/images/free-19-subtraction-math-worksheet-for-grade-2-with-answers-part-141-7188.jpg,Printable Worksheets,04/14/2026 08:35:00 AM
3 Times Table Worksheet For Grade 2 - Part 142 | Printable Practice,Free printable Times Table worksheet for Grade 2. Perfect for homeschool practice and classroom activities.,https://mathworksheetkidsflow.github.io/html/3-times-table-worksheet-for-grade-2-part-142-3135.html,https://mathworksheetkidsflow.github.io/images/3-times-table-worksheet-for-grade-2-part-142-3135.jpg,Math Practice Printables,04/14/2026 11:00:00 AM
Printable Tracing Worksheet For Kids - Part 143 | Free Printable,Free printable Tracing worksheet for Kindergarten. Perfect for homeschool practice and classroom activities.,https://mathworksheetkidsflow.github.io/html/printable-tracing-worksheet-for-kids-part-143-7616.html,https://mathworksheetkidsflow.github.io/images/printable-tracing-worksheet-for-kids-part-143-7616.jpg,Math Practice Printables,04/14/2026 01:24:00 PM
Math Word Problem Worksheet,Fun and engaging Word Problem worksheet for Grade 3. Perfect printable math practice.,https://mathworksheetkidsflow.github.io/html/math-word-problem-worksheet-1745.html,https://mathworksheetkidsflow.github.io/images/math-word-problem-worksheet-1745.jpg,Printable Worksheets,04/14/2026 04:33:00 PM
Free 25 Addition Math Worksheet For Grade 5 - Part 145 | Printable Practice,Printable Addition worksheet designed for Grade 5 students. Easy and fun math practice.,https://mathworksheetkidsflow.github.io/html/free-25-addition-math-worksheet-for-grade-5-part-145-8833.html,https://mathworksheetkidsflow.github.io/images/free-25-addition-math-worksheet-for-grade-5-part-145-8833.jpg,Elementary Math Activities,04/14/2026 08:23:00 PM
Free Grade 1 Count and Color Worksheet,Teachers and parents love this Count and Color worksheet for Grade 1. Download and print instantly.,https://mathworksheetkidsflow.github.io/html/free-grade-1-count-and-color-worksheet-1796.html,https://mathworksheetkidsflow.github.io/images/free-grade-1-count-and-color-worksheet-1796.jpg,Elementary Math Activities,04/15/2026 08:28:00 AM
Free Counting Objects Worksheet For Kindergarten Printable - Part 147 | Printable Practice,Help kids master Counting Objects with this printable worksheet for Kindergarten. Great for daily math practice.,https://mathworksheetkidsflow.github.io/html/free-counting-objects-worksheet-for-kindergarten-printable-part-147-6027.html,https://mathworksheetkidsflow.github.io/images/free-counting-objects-worksheet-for-kindergarten-printable-part-147-6027.jpg,Homeschool Math,04/15/2026 11:02:00 AM
Grade 1 Division Practice Worksheet (14 Problems) - Part 148 | Printable Practice,Teachers and parents love this Division worksheet for Grade 1. Download and print instantly.,https://mathworksheetkidsflow.github.io/html/grade-1-division-practice-worksheet-14-problems-part-148-8870.html,https://mathworksheetkidsflow.github.io/images/grade-1-division-practice-worksheet-14-problems-part-148-8870.jpg,Math Practice Printables,04/15/2026 01:36:00 PM
7 Mathematics Practice Practice Worksheet,Help kids master Math with this printable worksheet for Math. Great for daily math practice.,https://mathworksheetkidsflow.github.io/html/7-mathematics-practice-practice-worksheet-7762.html,https://mathworksheetkidsflow.github.io/images/7-mathematics-practice-practice-worksheet-7762.jpg,Elementary Math Activities,04/15/2026 04:38:00 PM
Missing Number Math Worksheet,Printable Missing Number worksheet designed for Grade 1 students. Easy and fun math practice.,https://mathworksheetkidsflow.github.io/html/missing-number-math-worksheet-6519.html,https://mathworksheetkidsflow.github.io/images/missing-number-math-worksheet-6519.jpg,Math Practice Printables,04/15/2026 08:30:00 PM
Mixed Operations Math Worksheet,Help kids master Mixed Operations with this printable worksheet for Grade 3. Great for daily math practice.,https://mathworksheetkidsflow.github.io/html/mixed-operations-math-worksheet-7230.html,https://mathworksheetkidsflow.github.io/images/mixed-operations-math-worksheet-7230.jpg,Elementary Math Activities,04/16/2026 08:24:00 AM
Printable Free 28 Multiplication Math Worksheet For Grade 2 - Part 152 | Printable Practice,Printable Multiplication worksheet designed for Grade 2 students. Easy and fun math practice.,https://mathworksheetkidsflow.github.io/html/printable-free-28-multiplication-math-worksheet-for-grade-2-part-152-2776.html,https://mathworksheetkidsflow.github.io/images/printable-free-28-multiplication-math-worksheet-for-grade-2-part-152-2776.jpg,Elementary Math Activities,04/16/2026 11:06:00 AM
Grade 3 Subtraction Practice Worksheet (17 Problems) - Part 153 | Printable Practice,Teachers and parents love this Subtraction worksheet for Grade 3. Download and print instantly.,https://mathworksheetkidsflow.github.io/html/grade-3-subtraction-practice-worksheet-17-problems-part-153-4593.html,https://mathworksheetkidsflow.github.io/images/grade-3-subtraction-practice-worksheet-17-problems-part-153-4593.jpg,Elementary Math Activities,04/16/2026 01:22:00 PM
Grade 2 Multiplication Table 3 Practice - Part 154 | Printable Practice,Teachers and parents love this Times Table worksheet for Grade 2. Download and print instantly.,https://mathworksheetkidsflow.github.io/html/grade-2-multiplication-table-3-practice-part-154-1968.html,https://mathworksheetkidsflow.github.io/images/grade-2-multiplication-table-3-practice-part-154-1968.jpg,Math Practice Printables,04/16/2026 04:23:00 PM
Printable Tracing Worksheet For Kids - Part 155 | Free Printable,Teachers and parents love this Tracing worksheet for Kindergarten. Download and print instantly.,https://mathworksheetkidsflow.github.io/html/printable-tracing-worksheet-for-kids-part-155-7768.html,https://mathworksheetkidsflow.github.io/images/printable-tracing-worksheet-for-kids-part-155-7768.jpg,Homeschool Math,04/16/2026 08:31:00 PM
Math Word Problem Worksheet,Help kids master Word Problem with this printable worksheet for Grade 3. Great for daily math practice.,https://mathworksheetkidsflow.github.io/html/math-word-problem-worksheet-3226.html,https://mathworksheetkidsflow.github.io/images/math-word-problem-worksheet-3226.jpg,Homeschool Math,04/17/2026 08:26:00 AM
Grade 5 Addition Practice Worksheet (16 Problems) - Part 157 | Printable Practice,Printable Addition worksheet designed for Grade 5 students. Easy and fun math practice.,https://mathworksheetkidsflow.github.io/html/grade-5-addition-practice-worksheet-16-problems-part-157-1316.html,https://mathworksheetkidsflow.github.io/images/grade-5-addition-practice-worksheet-16-problems-part-157-1316.jpg,Homeschool Math,04/17/2026 11:00:00 AM
Fun Count and Color Objects Worksheet for Kindergarten,Fun and engaging Count and Color worksheet for Kindergarten. Perfect printable math practice.,https://mathworksheetkidsflow.github.io/html/fun-count-and-color-objects-worksheet-for-kindergarten-1849.html,https://mathworksheetkidsflow.github.io/images/fun-count-and-color-objects-worksheet-for-kindergarten-1849.jpg,Math Practice Printables,04/17/2026 01:24:00 PM
Free Counting Objects Worksheet For Kindergarten - Part 159 | Printable Practice,Printable Counting Objects worksheet designed for Kindergarten students. Easy and fun math practice.,https://mathworksheetkidsflow.github.io/html/free-counting-objects-worksheet-for-kindergarten-part-159-9172.html,https://mathworksheetkidsflow.github.io/images/free-counting-objects-worksheet-for-kindergarten-part-159-9172.jpg,Elementary Math Activities,04/17/2026 04:35:00 PM
Free 29 Division Math Worksheet For Grade 1 - Part 160 | Printable Practice,Free printable Division worksheet for Grade 1. Perfect for homeschool practice and classroom activities.,https://mathworksheetkidsflow.github.io/html/free-29-division-math-worksheet-for-grade-1-part-160-7069.html,https://mathworksheetkidsflow.github.io/images/free-29-division-math-worksheet-for-grade-1-part-160-7069.jpg,Printable Worksheets,04/17/2026 08:36:00 PM
4 Mathematics Quiz Training Worksheet,Teachers and parents love this Math worksheet for Math. Download and print instantly.,https://mathworksheetkidsflow.github.io/html/4-mathematics-quiz-training-worksheet-9599.html,https://mathworksheetkidsflow.github.io/images/4-mathematics-quiz-training-worksheet-9599.jpg,Elementary Math Activities,04/18/2026 08:35:00 AM
Missing Number Math Worksheet,Printable Missing Number worksheet designed for Grade 1 students. Easy and fun math practice.,https://mathworksheetkidsflow.github.io/html/missing-number-math-worksheet-7076.html,https://mathworksheetkidsflow.github.io/images/missing-number-math-worksheet-7076.jpg,Homeschool Math,04/18/2026 11:06:00 AM
Mixed Operations Math Worksheet,Printable Mixed Operations worksheet designed for Grade 3 students. Easy and fun math practice.,https://mathworksheetkidsflow.github.io/html/mixed-operations-math-worksheet-9149.html,https://mathworksheetkidsflow.github.io/images/mixed-operations-math-worksheet-9149.jpg,Math Practice Printables,04/18/2026 01:38:00 PM
Free 28 Multiplication Math Worksheet For Grade 2 With Answers - Part 164 | Printable Practice,Printable Multiplication worksheet designed for Grade 2 students. Easy and fun math practice.,https://mathworksheetkidsflow.github.io/html/free-28-multiplication-math-worksheet-for-grade-2-with-answers-part-164-6109.html,https://mathworksheetkidsflow.github.io/images/free-28-multiplication-math-worksheet-for-grade-2-with-answers-part-164-6109.jpg,Elementary Math Activities,04/18/2026 04:32:00 PM
Printable Free 18 Subtraction Math Worksheet For Grade 3 - Part 165 | Printable Practice,Printable Subtraction worksheet designed for Grade 3 students. Easy and fun math practice.,https://mathworksheetkidsflow.github.io/html/printable-free-18-subtraction-math-worksheet-for-grade-3-part-165-5098.html,https://mathworksheetkidsflow.github.io/images/printable-free-18-subtraction-math-worksheet-for-grade-3-part-165-5098.jpg,Math Practice Printables,04/18/2026 08:30:00 PM
Grade 2 Multiplication Table 5 Practice - Part 166 | Printable Practice,Teachers and parents love this Times Table worksheet for Grade 2. Download and print instantly.,https://mathworksheetkidsflow.github.io/html/grade-2-multiplication-table-5-practice-part-166-9159.html,https://mathworksheetkidsflow.github.io/images/grade-2-multiplication-table-5-practice-part-166-9159.jpg,Homeschool Math,04/19/2026 08:25:00 AM
Printable Tracing Worksheet For Kids - Part 167 | Free Printable,Printable Tracing worksheet designed for Preschool students. Easy and fun math practice.,https://mathworksheetkidsflow.github.io/html/printable-tracing-worksheet-for-kids-part-167-8950.html,https://mathworksheetkidsflow.github.io/images/printable-tracing-worksheet-for-kids-part-167-8950.jpg,Elementary Math Activities,04/19/2026 11:04:00 AM
Math Word Problem Worksheet,Teachers and parents love this Word Problem worksheet for Grade 3. Download and print instantly.,https://mathworksheetkidsflow.github.io/html/math-word-problem-worksheet-3256.html,https://mathworksheetkidsflow.github.io/images/math-word-problem-worksheet-3256.jpg,Math Practice Printables,04/19/2026 01:34:00 PM
Printable Free 28 Addition Math Worksheet For Grade 3 - Part 169 | Printable Practice,Free printable Addition worksheet for Grade 3. Perfect for homeschool practice and classroom activities.,https://mathworksheetkidsflow.github.io/html/printable-free-28-addition-math-worksheet-for-grade-3-part-169-7042.html,https://mathworksheetkidsflow.github.io/images/printable-free-28-addition-math-worksheet-for-grade-3-part-169-7042.jpg,Kids Math Worksheets,04/19/2026 04:22:00 PM
Kindergarten Count and Color Shapes Worksheet,Fun and engaging Count and Color worksheet for Kindergarten. Perfect printable math practice.,https://mathworksheetkidsflow.github.io/html/kindergarten-count-and-color-shapes-worksheet-8682.html,https://mathworksheetkidsflow.github.io/images/kindergarten-count-and-color-shapes-worksheet-8682.jpg,Math Practice Printables,04/19/2026 08:34:00 PM
Kindergarten Count The Objects Worksheet - Part 171 | Printable Practice,Printable Counting Objects worksheet designed for Kindergarten students. Easy and fun math practice.,https://mathworksheetkidsflow.github.io/html/kindergarten-count-the-objects-worksheet-part-171-1552.html,https://mathworksheetkidsflow.github.io/images/kindergarten-count-the-objects-worksheet-part-171-1552.jpg,Elementary Math Activities,04/20/2026 08:37:00 AM
Grade 1 Division Practice Worksheet (18 Problems) - Part 172 | Printable Practice,Printable Division worksheet designed for Grade 1 students. Easy and fun math practice.,https://mathworksheetkidsflow.github.io/html/grade-1-division-practice-worksheet-18-problems-part-172-7710.html,https://mathworksheetkidsflow.github.io/images/grade-1-division-practice-worksheet-18-problems-part-172-7710.jpg,Kids Math Worksheets,04/20/2026 11:00:00 AM
Free Printable Math Quiz Practice Worksheet,Teachers and parents love this Math worksheet for Math. Download and print instantly.,https://mathworksheetkidsflow.github.io/html/free-printable-math-quiz-practice-worksheet-5641.html,https://mathworksheetkidsflow.github.io/images/free-printable-math-quiz-practice-worksheet-5641.jpg,Elementary Math Activities,04/20/2026 01:24:00 PM
Missing Number Math Worksheet,Fun and engaging Missing Number worksheet for Grade 1. Perfect printable math practice.,https://mathworksheetkidsflow.github.io/html/missing-number-math-worksheet-2451.html,https://mathworksheetkidsflow.github.io/images/missing-number-math-worksheet-2451.jpg,Homeschool Math,04/20/2026 04:27:00 PM
Mixed Operations Math Worksheet,Teachers and parents love this Mixed Operations worksheet for Grade 3. Download and print instantly.,https://mathworksheetkidsflow.github.io/html/mixed-operations-math-worksheet-3132.html,https://mathworksheetkidsflow.github.io/images/mixed-operations-math-worksheet-3132.jpg,Printable Worksheets,04/20/2026 08:33:00 PM
Free 13 Multiplication Math Worksheet For Grade 2 With Answers - Part 176 | Printable Practice,Teachers and parents love this Multiplication worksheet for Grade 2. Download and print instantly.,https://mathworksheetkidsflow.github.io/html/free-13-multiplication-math-worksheet-for-grade-2-with-answers-part-176-1410.html,https://mathworksheetkidsflow.github.io/images/free-13-multiplication-math-worksheet-for-grade-2-with-answers-part-176-1410.jpg,Printable Worksheets,04/21/2026 08:25:00 AM
Free 15 Subtraction Math Worksheet For Grade 5 With Answers - Part 177 | Printable Practice,Free printable Subtraction worksheet for Grade 5. Perfect for homeschool practice and classroom activities.,https://mathworksheetkidsflow.github.io/html/free-15-subtraction-math-worksheet-for-grade-5-with-answers-part-177-7719.html,https://mathworksheetkidsflow.github.io/images/free-15-subtraction-math-worksheet-for-grade-5-with-answers-part-177-7719.jpg,Kids Math Worksheets,04/21/2026 11:00:00 AM
Grade 3 Multiplication Table 8 Practice - Part 178 | Printable Practice,Teachers and parents love this Times Table worksheet for Grade 3. Download and print instantly.,https://mathworksheetkidsflow.github.io/html/grade-3-multiplication-table-8-practice-part-178-5816.html,https://mathworksheetkidsflow.github.io/images/grade-3-multiplication-table-8-practice-part-178-5816.jpg,Homeschool Math,04/21/2026 01:28:00 PM
Printable Tracing Worksheet For Kids - Part 179 | Free Printable,Help kids master Tracing with this printable worksheet for Kindergarten. Great for daily math practice.,https://mathworksheetkidsflow.github.io/html/printable-tracing-worksheet-for-kids-part-179-5013.html,https://mathworksheetkidsflow.github.io/images/printable-tracing-worksheet-for-kids-part-179-5013.jpg,Printable Worksheets,04/21/2026 04:38:00 PM
Math Word Problem Worksheet,Printable Word Problem worksheet designed for Grade 3 students. Easy and fun math practice.,https://mathworksheetkidsflow.github.io/html/math-word-problem-worksheet-2905.html,https://mathworksheetkidsflow.github.io/images/math-word-problem-worksheet-2905.jpg,Homeschool Math,04/21/2026 08:35:00 PM
Free 18 Addition Math Worksheet For Grade 1 - Part 181 | Printable Practice,Fun and engaging Addition worksheet for Grade 1. Perfect printable math practice.,https://mathworksheetkidsflow.github.io/html/free-18-addition-math-worksheet-for-grade-1-part-181-9880.html,https://mathworksheetkidsflow.github.io/images/free-18-addition-math-worksheet-for-grade-1-part-181-9880.jpg,Homeschool Math,04/22/2026 08:32:00 AM
Fun Count and Color Objects Worksheet for Preschool,Help kids master Count and Color with this printable worksheet for Preschool. Great for daily math practice.,https://mathworksheetkidsflow.github.io/html/fun-count-and-color-objects-worksheet-for-preschool-5954.html,https://mathworksheetkidsflow.github.io/images/fun-count-and-color-objects-worksheet-for-preschool-5954.jpg,Elementary Math Activities,04/22/2026 11:03:00 AM
Pre-K Count The Objects Worksheet - Part 183 | Printable Practice,Fun and engaging Counting Objects worksheet for Pre-K. Perfect printable math practice.,https://mathworksheetkidsflow.github.io/html/pre-k-count-the-objects-worksheet-part-183-7442.html,https://mathworksheetkidsflow.github.io/images/pre-k-count-the-objects-worksheet-part-183-7442.jpg,Elementary Math Activities,04/22/2026 01:34:00 PM
Free 24 Division Math Worksheet For Grade 2 - Part 184 | Printable Practice,Fun and engaging Division worksheet for Grade 2. Perfect printable math practice.,https://mathworksheetkidsflow.github.io/html/free-24-division-math-worksheet-for-grade-2-part-184-6582.html,https://mathworksheetkidsflow.github.io/images/free-24-division-math-worksheet-for-grade-2-part-184-6582.jpg,Math Practice Printables,04/22/2026 04:37:00 PM
8 Math Quiz Practice Worksheet,Free printable Math worksheet for Math. Perfect for homeschool practice and classroom activities.,https://mathworksheetkidsflow.github.io/html/8-math-quiz-practice-worksheet-5037.html,https://mathworksheetkidsflow.github.io/images/8-math-quiz-practice-worksheet-5037.jpg,Math Practice Printables,04/22/2026 08:31:00 PM
Missing Number Math Worksheet,Fun and engaging Missing Number worksheet for Grade 1. Perfect printable math practice.,https://mathworksheetkidsflow.github.io/html/missing-number-math-worksheet-3094.html,https://mathworksheetkidsflow.github.io/images/missing-number-math-worksheet-3094.jpg,Elementary Math Activities,04/23/2026 08:32:00 AM
Mixed Operations Math Worksheet,Fun and engaging Mixed Operations worksheet for Grade 3. Perfect printable math practice.,https://mathworksheetkidsflow.github.io/html/mixed-operations-math-worksheet-1530.html,https://mathworksheetkidsflow.github.io/images/mixed-operations-math-worksheet-1530.jpg,Math Practice Printables,04/23/2026 11:00:00 AM
Printable Free 21 Multiplication Math Worksheet For Grade 2 - Part 188 | Printable Practice,Fun and engaging Multiplication worksheet for Grade 2. Perfect printable math practice.,https://mathworksheetkidsflow.github.io/html/printable-free-21-multiplication-math-worksheet-for-grade-2-part-188-1012.html,https://mathworksheetkidsflow.github.io/images/printable-free-21-multiplication-math-worksheet-for-grade-2-part-188-1012.jpg,Math Practice Printables,04/23/2026 01:31:00 PM
Free 22 Subtraction Math Worksheet For Grade 5 With Answers - Part 189 | Printable Practice,Fun and engaging Subtraction worksheet for Grade 5. Perfect printable math practice.,https://mathworksheetkidsflow.github.io/html/free-22-subtraction-math-worksheet-for-grade-5-with-answers-part-189-8618.html,https://mathworksheetkidsflow.github.io/images/free-22-subtraction-math-worksheet-for-grade-5-with-answers-part-189-8618.jpg,Math Practice Printables,04/23/2026 04:34:00 PM
2 Times Table Worksheet For Grade 2 With Answers - Part 190 | Printable Practice,Help kids master Times Table with this printable worksheet for Grade 2. Great for daily math practice.,https://mathworksheetkidsflow.github.io/html/2-times-table-worksheet-for-grade-2-with-answers-part-190-4325.html,https://mathworksheetkidsflow.github.io/images/2-times-table-worksheet-for-grade-2-with-answers-part-190-4325.jpg,Homeschool Math,04/23/2026 08:34:00 PM
Printable Tracing Worksheet For Kids - Part 191 | Free Printable,Help kids master Tracing with this printable worksheet for Kindergarten. Great for daily math practice.,https://mathworksheetkidsflow.github.io/html/printable-tracing-worksheet-for-kids-part-191-1126.html,https://mathworksheetkidsflow.github.io/images/printable-tracing-worksheet-for-kids-part-191-1126.jpg,Elementary Math Activities,04/24/2026 08:32:00 AM
Math Word Problem Worksheet,Free printable Word Problem worksheet for Grade 3. Perfect for homeschool practice and classroom activities.,https://mathworksheetkidsflow.github.io/html/math-word-problem-worksheet-5135.html,https://mathworksheetkidsflow.github.io/images/math-word-problem-worksheet-5135.jpg,Math Practice Printables,04/24/2026 11:00:00 AM
Grade 3 Addition Practice Worksheet (11 Problems) - Part 193 | Printable Practice,Printable Addition worksheet designed for Grade 3 students. Easy and fun math practice.,https://mathworksheetkidsflow.github.io/html/grade-3-addition-practice-worksheet-11-problems-part-193-6325.html,https://mathworksheetkidsflow.github.io/images/grade-3-addition-practice-worksheet-11-problems-part-193-6325.jpg,Math Practice Printables,04/24/2026 01:33:00 PM
Free Preschool Count and Color Worksheet,Printable Count and Color worksheet designed for Preschool students. Easy and fun math practice.,https://mathworksheetkidsflow.github.io/html/free-preschool-count-and-color-worksheet-7728.html,https://mathworksheetkidsflow.github.io/images/free-preschool-count-and-color-worksheet-7728.jpg,Math Practice Printables,04/24/2026 04:36:00 PM
Free Counting Objects Worksheet For Kindergarten - Part 195 | Printable Practice,Free printable Counting Objects worksheet for Kindergarten. Perfect for homeschool practice and classroom activities.,https://mathworksheetkidsflow.github.io/html/free-counting-objects-worksheet-for-kindergarten-part-195-9208.html,https://mathworksheetkidsflow.github.io/images/free-counting-objects-worksheet-for-kindergarten-part-195-9208.jpg,Homeschool Math,04/24/2026 08:25:00 PM
Free 16 Division Math Worksheet For Grade 1 - Part 196 | Printable Practice,Printable Division worksheet designed for Grade 1 students. Easy and fun math practice.,https://mathworksheetkidsflow.github.io/html/free-16-division-math-worksheet-for-grade-1-part-196-9285.html,https://mathworksheetkidsflow.github.io/images/free-16-division-math-worksheet-for-grade-1-part-196-9285.jpg,Elementary Math Activities,04/25/2026 08:38:00 AM
Free Printable General Math Quiz Training Worksheet for Study,Fun and engaging Math worksheet for Math. Perfect printable math practice.,https://mathworksheetkidsflow.github.io/html/free-printable-general-math-quiz-training-worksheet-for-study-1004.html,https://mathworksheetkidsflow.github.io/images/free-printable-general-math-quiz-training-worksheet-for-study-1004.jpg,Printable Worksheets,04/25/2026 11:02:00 AM
Missing Number Math Worksheet,Printable Missing Number worksheet designed for Grade 1 students. Easy and fun math practice.,https://mathworksheetkidsflow.github.io/html/missing-number-math-worksheet-2202.html,https://mathworksheetkidsflow.github.io/images/missing-number-math-worksheet-2202.jpg,Printable Worksheets,04/25/2026 01:36:00 PM
Mixed Operations Math Worksheet,Printable Mixed Operations worksheet designed for Grade 3 students. Easy and fun math practice.,https://mathworksheetkidsflow.github.io/html/mixed-operations-math-worksheet-1558.html,https://mathworksheetkidsflow.github.io/images/mixed-operations-math-worksheet-1558.jpg,Kids Math Worksheets,04/25/2026 04:36:00 PM
Grade 2 Multiplication Practice Worksheet (11 Problems) - Part 200 | Printable Practice,Help kids master Multiplication with this printable worksheet for Grade 2. Great for daily math practice.,https://mathworksheetkidsflow.github.io/html/grade-2-multiplication-practice-worksheet-11-problems-part-200-7610.html,https://mathworksheetkidsflow.github.io/images/grade-2-multiplication-practice-worksheet-11-problems-part-200-7610.jpg,Kids Math Worksheets,04/25/2026 08:27:00 PM
